"Reference","Qty","Value","DNP","Exclude from BOM","Exclude from Board","Footprint","Datasheet"
"+3V3_1,+5V_S1,GND_1","3","TestPoint","","","","TestPoint:TestPoint_Pad_D2.0mm",""
"A1","1","RaspberryPi_Pico","","","","Module:RaspberryPi_Pico_Common_Unspecified","https://datasheets.raspberrypi.com/pico/pico-datasheet.pdf"
"C1","1","0.1u","","","","Capacitor_SMD:C_0805_2012Metric_Pad1.18x1.45mm_HandSolder",""
"C3,C4,C5","3","0.0047mF","","","","Capacitor_SMD:C_0805_2012Metric_Pad1.18x1.45mm_HandSolder",""
"D1","1","D_Schottky","","","","Diode_SMD:D_SMA_Handsoldering",""
"J1,J2","2","Conn_02x05_Odd_Even","","","","Connector_PinHeader_2.54mm:PinHeader_2x05_P2.54mm_Vertical",""
"J3,J4","2","Conn_01x01_Pin","","","","Connector_PinHeader_2.54mm:PinHeader_1x01_P2.54mm_Vertical",""
"R1,R2,R3","3","110","","","","Resistor_SMD:R_0805_2012Metric_Pad1.20x1.40mm_HandSolder",""
"U1","1","AM26LV32xD","","","","Package_SO:SOIC-16_3.9x9.9mm_P1.27mm","http://www.ti.com/lit/ds/symlink/am26lv32.pdf"
